code,name_of_the_station,uf,january,february,march,april,may,june,july,august,september,october,november,december,year,longitude,latitude
82704,CRUZEIRO DO SUL,AC,247,258.3,292.6,232.8,155.6,89.7,59.1,76.4,113.2,191,222.2,229.5,2167.4,-72.66666666,-7.6
82915,RIO BRANCO,AC,294.4,298.4,278.1,207.4,87.7,32.8,31.9,56.5,84.8,153,206.7,265.9,1997.6,-67.86666666,-9.95
82807,TARAUACA,AC,281.7,257.6,326.8,200.9,135.9,60.9,48.7,62.5,112,193.1,262.3,270.5,2212.9,-70.76666666,-8.16666666
82989,AGUA BRANCA,AL,39.7,57,108.5,85,147.9,178.4,164.9,99.8,41.5,29.5,28.4,42,1022.6,-37.9,-9.28333333
82994,MACEIO,AL,83,72.9,117.4,207.5,296.9,353.8,265.2,201.5,120.2,61.6,46.9,40.5,1867.4,-35.7,-9.66666666
82992,PALMEIRA DOS INDIOS,AL,38.5,42.9,68.2,99,131,167.7,134.2,86.6,41.8,19,15.9,33.4,878.2,-36.7,-9.45
82990,PAO DE ACUCAR,AL,56.5,36.7,50.9,59.8,86.5,90,81.5,56.1,24.6,19.3,12,12.8,586.7,-37.43333333,-9.75
82996,PORTO DE PEDRAS,AL,68.2,90.9,201.1,211.6,227.6,305.7,240.4,166.2,91.9,43.2,32.5,39.6,1718.9,-35.43333333,-9.18333333
82113,BARCELOS,AM,175.2,185.9,262.7,326.7,312.5,259.5,188.4,136.9,109.9,102.6,139.9,162.4,2362.6,-60.91666666,-0.96666666
82410,BENJAMIN CONSTANT,AM,331.9,283.6,299.3,261.6,208.3,145.6,107.8,105.9,136,210.8,247.1,252.9,2590.8,-70.03333333,-4.38333333
82425,COARI,AM,264.5,265.5,322.3,272.4,213.1,128.9,87.2,68.9,100.4,156.7,215.6,261.7,2357.2,-63.13333333,-4.08333333
82326,CODAJAS,AM,332.5,356.4,422.9,402.4,297.4,158.1,108.4,91.7,136.5,186,231.8,346.3,3070.4,-62.055277769999996,-3.8411111
82610,EIRUNEPE,AM,281.7,273.1,267.9,264.4,154.6,87.8,59.3,78,137.1,189.6,233.7,278,2305.2,-69.86666666,-6.66666666
82212,FONTE BOA,AM,237.9,207.9,257.3,278,271.2,215.4,179.4,134.7,146.1,188,176.6,216.6,2509.1,-66.16666666,-2.53333333
82067,IAUARETE,AM,233.3,234.5,279.1,328.5,378.7,341.1,313.2,243.9,220.9,240.6,215.7,233.2,3262.7,-69.18333333,0.61
82336,ITACOATIARA,AM,327.2,286,371.2,301.6,255.5,152.1,100.6,74.9,84.3,97,147.1,214.9,2412.4,-58.43333333,-3.13333333
82723,LABREA,AM,314.1,315.2,357.7,273.7,147.8,46.1,32.4,72.7,112.5,198.8,243.2,291.2,2405.4,-64.83333333,-7.25
82331,MANAUS,AM,287,295.1,300,319,246.9,118.3,75.4,64.3,76.3,104.1,169.2,245.6,2301.2,-60.01638888,-3.10333333
82533,MANICORE,AM,319.7,347.9,327.3,315.9,210.3,101,48.6,60.5,104.9,199.6,220.5,266.7,2522.9,-61.3,-5.81666666
82240,PARINTINS,AM,292.7,335.6,363.6,346,281.1,186.4,149.9,73.8,63.1,76.7,116.3,189.7,2474.9,-56.73333333,-2.63333333
82106,SAO GABRIEL DA CACHOEIRA(UAUPES),AM,295.7,239,246.9,264.5,346.5,294.1,253.2,209.8,181.6,195.5,204.2,273,3004,-67.06111111,-0.12499999
82317,TEFE,AM,274.2,247.1,306.5,297.1,254.3,158.2,120.5,96.4,132.9,160.3,181,217.2,2445.7,-64.7,-3.83333333
82098,MACAPA,AP,294.7,343.3,394.2,384,319.5,244.7,190.8,92.4,28,34.8,69.8,153.5,2549.7,-51.11666666,-0.05
82095,PORTO PLATON,AP,288.3,NA,307.7,347,326,221.1,176.7,124.7,63.4,84.9,91.2,125.5,NA,-51.45,0.7
82092,SERRA DO NAVIO,AP,238.4,311.2,304.6,273,282.5,206,168.1,135.1,81.6,78.6,96.4,167.3,2342.8,-52.01666666,0.9
83249,ALAGOINHAS,BA,59.8,65.4,75.6,124.6,153.7,152,109.3,93.2,66.7,48.6,61.2,63.2,1073.3,-38.42555556,-12.14833333
83179,BARRA,BA,97.9,100.4,125.5,77.9,15.3,2,0.2,0.6,8.5,33.5,93.5,115.1,670.4,-43.16666666,-11.08333333
83236,BARREIRAS,BA,164.6,126.8,154.9,74.5,23.7,3.6,1,1.3,10.4,65.6,173.3,203.7,1003.4,-45.00777777,-12.15555555
83288,BOM JESUS DA LAPA,BA,118.5,100.3,111.7,52.5,10.1,1.9,0.6,2.6,15.8,54.7,121,207.8,797.5,-43.40527777,-13.25138888
83339,CAETITE,BA,98.4,69,120.7,45.8,12.5,10.1,10.4,4.9,17.6,61.9,153.6,164.6,769.5,-42.48333333,-14.06666666
83226,CAMACARI,BA,87,101.7,143.7,226.9,244.4,232.8,184.9,139.7,103,85.8,111.8,74.9,1736.6,-38.31666666,-12.66666666
83398,CANAVIEIRAS,BA,95.2,118.4,180.2,195.5,145.1,135.5,140,91.2,77.4,124.8,143.2,145.3,1591.8,-38.95,-15.66666666
83498,CARAVELAS,BA,83.8,66.7,147.5,161.8,134.9,85.1,105.6,58.3,90.2,102.7,220.7,148,1405.3,-39.25833333,-17.73916666
83408,CARINHANHA,BA,101.8,105.2,119.5,42.2,5,2.1,0.4,0.2,9.5,35.3,145.3,191.1,757.6,-43.76666666,-14.28333333
83192,CIPO,BA,35.9,43.5,64.3,54.7,57.8,62.2,52.8,36,27.4,24.8,56,39,554.4,-38.51666666,-11.08333333
83286,CORRENTINA,BA,130,104.4,145.5,62,9,0.5,0.3,2.3,10.2,74.2,164.7,220.8,923.9,-44.61722221,-13.33222221
83222,CRUZ DAS ALMAS,BA,63,70.2,97.5,136.5,122.8,142.6,122.8,91.3,79.6,54.8,76.8,59.5,1117.4,-39.08333333,-12.66666666
83221,FEIRA DE SANTANA,BA,68.8,79.1,40.8,66.8,84.7,94.9,72.1,56.5,41.6,31.6,67.4,50,754.3,-38.96722221,-12.1961111
83446,GUARATINGA,BA,98.4,85.9,140.2,101.6,57.3,48.5,58.8,44.2,51.2,83.3,171.5,155.6,1096.5,-39.55,-16.73333333
83182,IRECE,BA,91.8,81.2,112.5,45.7,16.2,1.2,1.1,0.8,4.1,34.3,99.2,120.9,609,-41.86666666,-11.3
83244,ITABERABA,BA,68.3,61.7,95.7,58.7,32.4,36.1,33.3,20.3,18.4,38.5,74.3,80.2,617.9,-40.28333333,-12.51666666
83295,ITIRUCU (JAGUAQUARA),BA,67.4,76,97.5,64.1,52.5,64.3,62.1,47.3,44.3,47.1,103.1,90.5,816.2,-40.11972221,-13.52805554
83292,ITUACU,BA,76,74.7,91.9,54.4,18.6,14.7,8.8,6.3,17.3,42.1,93,120.1,617.9,-41.3,-13.81277777
83186,JACOBINA,BA,104.5,67.9,136.8,82.1,45.9,42.2,36.7,33.6,21.8,30.2,83.8,101.1,786.6,-40.53416666,-11.17277777
83242,LENCOIS,BA,116,96.4,182.7,124.9,59.8,50.7,36.9,35.4,28.5,72.5,132.3,132.6,1068.7,-41.38888888,-12.5575
83090,MONTE SANTO,BA,55.5,57.6,68,63,52.6,62.7,51,34.8,18.9,25.2,49.8,64,603.1,-39.3311111,-10.44249999
83184,MORRO DO CHAPEU,BA,71.1,65.1,102,63.1,29.6,33.3,29.5,23.6,18.1,38.4,97.2,83.5,654.5,-41.21666666,-11.21666666
82986,PAULO AFONSO,BA,49.2,38.3,76.8,75.3,54.2,62.6,49.3,29,11.7,17.1,19.5,30,513,-38.21666666,-9.36666666
82979,REMANSO,BA,125,110.6,125.3,60.8,9,2.2,0.7,1.2,2.3,21.3,74,89,621.4,-42.1,-9.63333333
83229,SALVADOR (ONDINA),BA,82.5,107.2,156.8,295.7,279.8,245.6,208.6,133.5,101.6,95.2,106.5,58.1,1871.1,-38.50583333,-13.00527777
83088,SENHOR DO BONFIM,BA,75.5,65.6,96.2,80.6,73.4,79.7,63.3,40.3,21.1,28.7,65.1,62.8,752.3,-40.18333333,-10.46666666
83190,SERRINHA,BA,71,56.2,83.1,69.6,71.3,95.2,67.6,54.4,38.6,38.2,63.4,65.7,774.3,-38.96666666,-11.63333333
83076,STa. R. DE CASSIA (IBIPETUBA),BA,141.8,128.7,169.1,77.5,24.2,1.4,0,2.6,9.4,78.3,169.4,174,976.4,-44.51666666,-11.01666666
83344,VITORIA DA CONQUISTA,BA,98.7,76.7,114,57.4,24,20.8,24.8,19.9,20.8,45.9,129.5,125.6,758.1,-40.8,-14.88333333
82294,ACARAU,CE,113.5,173.1,321.1,308.9,142.3,64.6,25.1,5.3,2.3,2.1,2.5,14.5,1175.3,-40.13333333,-2.88333333
82784,BARBALHA,CE,190.9,202.1,231.7,188.5,64.6,12.1,20.6,2.9,2.9,15.1,29.5,99,1059.9,-39.3,-7.31666666
82777,CAMPOS SALES,CE,99,111.7,137.6,109.4,35,4.8,5.4,0.9,2.1,10.3,19.8,63.1,599.1,-40.38333333,-7
82583,CRATEUS,CE,117.4,122.5,183.6,178.7,67.1,13.1,6.8,7.1,0.7,6.5,11.1,23.8,738.4,-40.66666666,-5.16666666
82397,FORTALEZA,CE,134.6,186.9,349.4,412.8,255.1,153.7,70.1,24.9,17.8,11,9.1,43.5,1668.9,-38.55,-3.76666666
82487,GUARAMIRANGA,CE,176.1,160.3,289.6,317.1,240.8,199.5,92.3,44.7,23.8,26.1,33.5,64.2,1668,-39,-4.28333333
82686,IGUATU,CE,133.8,167.3,221.2,196.8,102.7,27.6,12.6,14.4,12.3,19,7.9,67.5,983.1,-39.3,-6.36666666
82493,JAGUARUANA,CE,62.9,92,192.1,186.8,107.3,43.6,17.3,7.1,2.6,2.2,0.8,9.4,724.1,-37.76666666,-4.78333333
82588,MORADA NOVA,CE,83.6,99.6,168.5,177.8,104.8,66.1,22.3,10,1.5,3,1.7,27,765.9,-38.36666666,-5.11666666
82586,QUIXERAMOBIM,CE,87.7,77.8,146.2,173.1,105.2,55.3,23.4,16.3,2.3,1.3,3.3,20.9,712.8,-39.28333333,-5.16666666
82392,SOBRAL,CE,139.5,153,229.9,217,104.6,33.7,17.7,5.1,0.8,0.8,4.7,24.9,931.7,-40.33333333,-3.73333333
82683,TAUA,CE,109.8,94.3,142,126.9,50.4,16.5,9.8,6,1.8,5.9,5.7,30.7,599.8,-40.41666666,-6
83377,BRASILIA,DF,209.4,183,211.8,133.4,29.7,4.9,6.3,24.1,46.6,159.8,226.9,241.5,1477.4,-47.92583332,-15.78972221
83373,RONCADOR,DF,210.4,190.2,228.5,116,28.3,4.8,0.5,13.1,41.3,122.8,217.5,243.6,1417,-47.88333333,-15.93333333
83038,ARACRUZ,ES,167.2,76.3,163.7,104.4,58.4,38.9,58.7,51.7,79.1,111.3,246.3,219.9,1375.9,-40.25,-19.81666666
83557,BOA ESPERANCA,ES,133.4,76.5,146.1,93.7,39.5,37,40,25.6,41.5,73.2,211,190.9,1108.4,-40.27222221,-18.53694444
83597,LINHARES,ES,156.2,103.9,147.1,106.1,57.7,43.4,49.4,34.5,63.8,95.3,221.1,188.7,1267.2,-40.06666666,-19.41666666
83596,MARILANDIA (COLATINA),ES,164.1,102.9,154.7,76.4,37.9,28.4,29.7,22.6,36,96.7,178.8,201.2,1129.4,-40.53969444,-19.40708333
83647,SANTA TERESA,ES,227.8,95.5,172.6,93,42.8,37.3,42.5,42.7,69,114.3,222.7,226.6,1386.8,-40.58305554,-19.93305554
83550,SAO MATEUS,ES,134.7,91,159.1,122.8,65.5,53.1,63.9,43.7,86.9,115.1,236.1,181.8,1353.7,-39.85,-18.7
83045,VENDA NOVA,ES,224.8,103.6,203.4,118.1,52.8,31.2,32.6,35.7,60,111.3,205.5,277.6,1456.6,-41.18333333,-20.38333333
83648,VITORIA,ES,138.7,79.4,135.3,115.7,73.7,56.3,59.7,49.6,67.9,122.7,219.9,199.7,1318.6,-40.31666666,-20.31666666
83368,ARAGARCAS,GO,308.5,216.3,218.8,79.2,21.9,9.4,7.1,14,45.2,121.5,193.6,268.5,1504,-52.23333333,-15.9
83526,CATALAO,GO,282.9,196.2,224.6,70.2,34.8,8.1,5.3,15.4,41,115.7,178,277.4,1449.6,-47.95,-18.18333333
83379,FORMOSA,GO,235.6,200.4,211.7,93.9,20.6,4.2,3.2,11.8,35.3,123.7,201.9,277.9,1420.2,-47.33861111,-15.54916667
83350,GOIANESIA,GO,274.3,217.9,209.3,91.4,16.4,7,2.8,7.8,42.2,128.8,223.3,297.7,1518.9,-49,-15.21666666
83423,GOIANIA,GO,247.8,222.9,258.2,130.3,28.7,9.7,3.3,16.2,52.8,154.8,218.4,290.4,1633.5,-49.25,-16.66666666
83374,GOIAS,GO,345,268.3,252.4,115,28.9,10.6,4.6,11.8,45.8,147.4,238,341,1808.8,-50.13333333,-15.91666666
83522,IPAMERI,GO,286.3,204.1,206.6,79.4,34,7.9,5.6,13.9,53.2,112.3,193.9,296,1493.2,-48.16666666,-17.71666666
83523,ITUMBIARA,GO,267.8,201.1,179.1,71.9,30.4,12.7,4.6,7.2,50.3,84.8,193.1,255.3,1358.3,-49.21666666,-18.41666666
83464,JATAI,GO,267.3,233,273.1,112.2,49.3,19.7,8.2,24.7,62.2,133.5,188.3,277.4,1648.9,-51.71666666,-17.91666666
83376,PIRENOPOLIS,GO,285.9,248.6,233.7,146.9,28.4,9,5.7,14.5,49.2,150.8,242.9,310.3,1725.9,-48.96666666,-15.85
83332,POSSE,GO,210.1,218.3,236.6,110.1,25.5,1.6,1.5,7.7,22.6,116.1,211,278.4,1439.5,-46.36666666,-14.1
83470,RIO VERDE,GO,258.6,211.4,267.1,102.3,37.7,14.7,9.9,13.9,49.5,136.2,239,272.6,1612.9,-50.91666666,-17.8
82970,ALTO PARNAIBA,MA,235.4,197.6,256.3,144.6,35.6,2,1.2,4.8,20.7,89.3,156.4,215.5,1359.4,-45.93333333,-9.1
82460,BACABAL,MA,263.8,263.8,390.4,358.4,195,54.6,17.9,14.6,10.6,35.4,67.8,135.3,1807.6,-44.76666666,-4.21666666
82768,BALSAS,MA,195.9,178.9,206,134.8,46,4,2.3,4.2,27.6,98,133.1,201.7,1232.5,-46.03333333,-7.53333333
82571,BARRA DO CORDA,MA,179.8,199,236.8,187.5,69,16.2,6.9,12.3,17.4,37.8,75.7,138.7,1177.1,-45.23333333,-5.5
82765,CAROLINA,MA,268,271.7,296.4,203.5,91,10.1,6.9,8.9,41.4,136.4,151.6,241.9,1727.8,-47.46,-7.33722221
82476,CAXIAS,MA,215.9,242.1,353,298.2,143.3,32.2,16.3,14.9,9.5,25.7,39.3,127.5,1517.9,-43.35,-4.86666666
82382,CHAPADINHA,MA,215.5,276,368.2,344.5,213.6,72.2,32.4,10.3,5.5,15.1,27.3,93.9,1674.5,-43.35,-3.75
82676,COLINAS,MA,195.5,190.3,280.3,205.7,69.9,15.2,6.6,6.9,28.3,69.1,100.2,147,1315,-44.25,-6.03333333
82568,GRAJAU,MA,184.7,213.9,243.5,171.5,41.8,17,2.2,7.3,37.5,53.5,100.8,133.9,1207.6,-46.46666666,-5.81666666
82564,IMPERATRIZ,MA,253,220.7,295.8,206.5,91.9,14.7,6.5,9.1,39,70.8,117.8,190.5,1516.3,-47.48333333,-5.53333333
82280,SAO LUIS,MA,226.4,321.4,462.1,457.6,302,183.4,122.9,30,6.4,4.7,10.5,72.5,2199.9,-44.21666666,-2.53333333
82198,TURIACU,MA,208.5,307.3,458,418.2,301,215.4,155.7,49,15.4,8.9,7.1,53,2197.5,-45.36666667,-1.66666667
82376,ZE DOCA,MA,254.7,296.1,359,346.2,218.2,91.6,47.1,22.5,20.9,31.9,47.9,118,1854.1,-45.65,-3.26666667
83595,AIMORES,MG,145.6,67.4,116.2,52.1,34,13.8,9.9,18.7,29.3,71.9,177.5,188.5,924.9,-41.07749999,-19.49444444
83442,ARACUAI,MG,109.3,78.9,110.2,30.7,15.6,3.5,4.6,6.6,13.9,58,154.3,170.2,755.8,-42.05,-16.83333333
83579,ARAXA,MG,304.3,215.3,192.1,78,49.1,11.4,9.6,17.6,67.7,123.6,193.1,292.4,1554.2,-46.94944444,-19.60555555
83384,ARINOS,MG,186.6,142.3,170.6,65.8,15.1,2.9,5.1,10.5,16.5,69.5,215,280.7,1180.6,-46.10666666,-15.91527777
83582,BAMBUI,MG,296.8,195.3,155.4,71.1,42.3,14.9,11.2,18.1,62.4,113.7,177.5,306.8,1465.5,-46.00888888,-20.0311111
83689,BARBACENA,MG,290.6,156,178.2,65,38.8,17.7,11.9,18.5,76.1,126.7,208.8,269.7,1458,-43.78138888,-21.23972221
83587,BELO HORIZONTE,MG,329.1,181.4,198,74.7,28.1,9.7,7.9,14.8,55.5,104.7,239.8,358.9,1602.6,-43.95222222,-19.93416666
83533,BOM DESPACHO,MG,280.1,170.1,142.3,48.7,36.5,8.9,7.6,13.2,52,115.3,196.1,314,1384.8,-45.367777769999996,-19.71916666
83383,BURITIS,MG,198.6,129.3,177,58.2,22,4.6,1.1,7.5,26.3,83.6,230.7,243.8,1182.7,-46.41666666,-15.61666666
83589,C. DO MATO DENTRO,MG,259.6,128.5,182.3,75.9,24.2,10.2,8.7,10.4,30.1,85.3,236.9,331.8,1383.9,-43.43388888,-19.02055554
83681,CALDAS(P. DE CALDAS),MG,295.3,224.6,187.1,77.9,67,23.8,19.9,29.4,78.9,136.3,174.6,287.3,1602.1,-46.38333333,-21.91666666
83639,CAPARAO,MG,248.7,131.3,165.8,65.2,29.6,14.8,12.1,25.3,39.3,100.5,208.6,281.5,1322.7,-41.9,-20.51666667
83514,CAPINOPOLIS,MG,287.6,224.7,183.8,72.6,38.1,18.3,6.3,13.8,47.9,122.2,168.1,251.3,1434.7,-49.5625,-18.72638889
83592,CARATINGA,MG,220.8,96.7,143.8,70.6,25.6,12.5,6.5,15.5,41.6,80.4,209.1,278.6,1201.7,-42.13694444,-19.73583333
83485,CARBONITA,MG,162.5,99.4,139.4,44.3,11.8,3.8,5,5.6,19.3,90.2,193.8,245.9,1021,-43,-17.53333333
83686,CAXAMBU,MG,324.3,211.4,196.4,72.3,63.4,30,13.3,15.7,83.5,121.3,209.3,333.4,1674.3,-44.93333333,-21.96666666
83613,CORONEL FABRICIANO,MG,239.8,137.1,162.5,66.6,40.6,15.2,7.4,18.1,48.7,108,258.1,312.8,1414.9,-42.63333333,-19.5
83037,CORONEL PACHECO,MG,355.1,195.1,220.6,79.4,42.2,19.5,12.6,17.6,72.3,103.7,206.1,296.4,1620.6,-43.25,-21.56666666
83536,CURVELO,MG,208.8,116.3,154.6,43.1,18.7,6.6,6.2,11.7,19,67.8,191,250.2,1094,-44.45472222,-18.7475
83538,DIAMANTINA,MG,236.7,142.7,185,76.6,22.9,6.3,4.7,13.2,33.1,118.5,232.7,302.9,1375.3,-43.61694443,-18.23888888
83635,DIVINOPOLIS,MG,300.2,167.3,157,51.2,27.3,13.6,7.9,17.3,52,109.7,208.4,296.2,1408.1,-44.87444443,-20.17305554
83438,ENG. DOLABELA (BOCAIUVA),MG,214.6,76.2,117.3,43.7,5.9,7.3,9.6,2.9,23.9,57.6,176.8,206.5,942.3,-43.8,-17.1
83338,ESPINOSA,MG,129.4,80,109.4,40.5,9.3,1.2,1.3,1.8,10.4,48.5,135.1,172.7,739.6,-42.80833333,-14.91222222
83657,FAZENDA MONTE ALEGRE,MG,254.5,236.5,204.4,74.7,77.5,28.2,22.6,18.4,69.1,130,143,246.2,1505.1,-46.36666666,-21.31666666
83581,FLORESTAL,MG,275.5,154.4,185.1,58.5,25.3,12,7.4,12.1,44.5,90.6,208.1,319.9,1393.4,-44.41722221,-19.88527777
83334,FORMOSO,MG,182.8,166.7,198,94.6,18.3,3.5,0.9,4.6,22.4,88.9,205.8,239.2,1225.7,-46.23583333,-14.94944444
83574,FRUTAL,MG,325.1,209.8,209.8,78.7,38.6,20,9.4,16.3,65.4,110,157.8,232.6,1473.5,-48.930277769999996,-20.03499999
83543,GOVERNADOR VALADARES,MG,173,83.5,113,48.8,23.1,13.6,8,13.6,33.9,69.8,170.4,234.9,985.6,-41.93333333,-18.85
83632,IBIRITE,MG,286,165.4,175.3,67.6,29.9,11.7,5.7,13.2,53.3,121.5,205.3,349.9,1484.8,-44.08444444,-20.01611111
83488,ITAMARANDIBA,MG,185.9,104.3,135.7,46.9,12.9,4.1,5.8,8,24.3,98.7,222.5,227,1076.1,-42.85277777,-17.85972222
83521,ITUIUTABA,MG,305.4,193.5,191.9,83.9,37,16.8,6.5,14,49,127.3,161.5,235.4,1422.2,-49.52499999,-18.95277777
83395,JANAUBA,MG,155.2,75.7,113.5,33.8,6.6,1.5,0.6,3.1,8.1,47.6,164.5,170.5,780.7,-43.29694444,-15.8025
83386,JANUARIA,MG,151.3,115.5,147.1,45.2,7.1,2.8,1.1,1.8,9.3,61.1,186.1,219.9,948.3,-44,-15.45
83591,JOAO MONLEVADE,MG,232.8,125.9,193.1,68.5,29.2,14.1,6.3,13.7,43,97.8,250.2,326.7,1401.3,-43.1436111,-19.82388888
83481,JOAO PINHEIRO,MG,261.6,170.6,203.8,63.2,27.9,3.4,6.3,11,28.1,90.2,217.7,276.9,1360.7,-46.17666666,-17.73999999
83692,JUIZ DE FORA,MG,322.1,174.7,221.1,78.6,44.2,20.6,14.1,18.5,69.9,132.1,212.1,316,1624,-43.35,-21.76666666
83452,JURAMENTO,MG,156,105.1,122.1,44.5,10.1,5.2,0.7,1.6,15.9,73.5,195.8,213.1,943.6,-43.66694443,-16.77499999
83032,LAMBARI,MG,319.2,205,196.2,89.6,60.4,31.7,25.1,19.2,95.2,121.3,189.3,302.1,1654.3,-45.31805554,-21.94416666
83687,LAVRAS,MG,272.9,209.5,168.3,57.2,45.7,20.3,11.1,12.9,70.8,114.7,187.7,290.7,1461.8,-45,-21.75
83683,MACHADO,MG,309.1,218.1,199.6,76.3,64.1,18.8,21.9,16.5,83.6,117.1,173.8,257,1555.9,-45.94055555,-21.68138888
83015,MARIA DA FE,MG,295.3,196.3,175.2,83.2,76.3,42,32.5,32.4,93.6,139.2,197.7,283.4,1647.1,-45.37305554,-22.31472222
83389,MOCAMBINHO,MG,149.5,95,112,54.4,7.9,1.7,0.8,1.3,6.7,58.4,153.7,192.8,834.2,-44.01638888,-15.08638888
83388,MONTE AZUL,MG,132.5,95.9,117.3,35.2,5.3,1.2,0.4,1.4,13.1,52.8,138.9,178.1,772.1,-42.86611111,-15.16027777
83437,MONTES CLAROS,MG,191.8,108.7,154.1,38.6,8.8,4.4,0.8,2,20.2,83.1,224.4,249.5,1086.4,-43.8436111,-16.68638888
83694,MURIAE,MG,262.5,156.3,198.5,106.1,50.4,17.1,14.8,25.7,92.7,122.1,243.8,269.6,1559.6,-42.33333333,-21.13333333
83637,OLIVEIRA,MG,279.2,103,164.9,55.3,37.5,15.4,9.4,14,52.6,124.2,182.3,257.2,1295,-44.81666666,-20.68333333
83479,PARACATU,MG,276.9,196,208.3,78.1,20.5,7.3,4.2,14,32.5,105.7,203.1,346.3,1492.9,-46.88166666,-17.24416666
83737,PASSA QUATRO,MG,299.7,194.1,163.1,65.5,60.2,35.1,29.9,17.2,83.4,151.8,173.4,284.9,1558.3,-44.96666666,-22.38277777
83531,PATOS DE MINAS,MG,287,187.2,209.8,62.5,32.1,10.6,2.9,12.1,43.6,94,210.6,311.8,1464.2,-46.43944444,-18.51972221
83393,PEDRA AZUL,MG,113.9,64.2,131.1,61.4,29.7,11.3,11.9,8.4,18,52.3,164.3,187.2,853.7,-41.2811111,-16.01
83483,PIRAPORA,MG,216.2,111.6,139.1,51.1,15,3.7,4.7,6.6,23.2,83.5,218.9,244.5,1118.1,-44.92166666,-17.34916666
83570,POMPEU,MG,250.3,156.2,167.8,49.3,27.2,8,7.4,12.7,30.2,63.7,190.2,276.3,1239.3,-45.00111111,-19.22916666
83061,PONTE ALTA,MG,282.4,146.1,126.7,68.9,32.1,8.2,14.2,17.5,35.5,96.2,231.5,274.3,1333.6,-42.63333333,-19.83333333
83441,SALINAS,MG,136,77.1,136.7,48.4,14.5,3.5,5.1,2.7,18,72.8,176.3,186.1,877.2,-42.28516667,-16.15475
83688,SAO JOAO DEL REI,MG,320.4,183.8,192.9,65.1,41,15.1,11.5,22.4,78.3,129.2,195.5,326.8,1582,-44.26666666,-21.3
83736,SAO LOURENCO,MG,323.9,203.3,188.7,73.9,65.1,27.3,27.2,24.1,83.5,121.3,170.6,286.3,1595.2,-45.01666667,-22.1
83631,SAO S.DO PARAISO,MG,335.5,245.4,203.9,77,65.9,23.7,18,19.8,68.9,148.2,209.8,328.4,1744.5,-47.11666666,-20.91666666
83500,SERRA DOS AIMORES,MG,138.7,68.9,105.5,70.1,38.5,21.9,41.7,21.9,NA,81,166.7,159.9,NA,-40.25,-17.78333333
83586,SETE LAGOAS,MG,260.6,143.3,168.7,51.6,27.8,4.5,6.1,13.1,39.5,87.9,210.4,321.3,1334.8,-44.17416666,-19.48527777
83492,TEOFILO OTONI,MG,127.8,99.5,153.3,78.8,30.4,18.6,25.9,20.3,34.6,72.9,188.7,213.7,1064.5,-41.51666667,-17.85
83577,UBERABA,MG,323.7,238.2,234.6,88.7,45.3,16.6,9.7,20.1,54.6,137.8,180.2,287.2,1636.7,NA,NA
83527,UBERLANDIA,MG,299,201.8,225.5,83.1,33.9,19.2,7.8,15.3,46.4,116.3,215.1,342.7,1606.1,-48.25555555,-18.91722221
83428,UNAI,MG,221,184.6,208,90.4,21.8,6.9,3.5,13.3,31,97.1,244.8,289.3,1411.7,-46.88916666,-16.36611111
83594,USIMINAS,MG,260.5,127.5,159.2,77.2,37.3,9.9,8.2,16.5,31.5,99.5,221.2,311,1359.5,-42.53305554,-19.48305554
83642,VICOSA,MG,255.3,132.1,165.9,55,29.2,14.5,7.5,13.1,50.7,104.6,207.8,253.3,1289,-42.86416667,-20.7625
83611,CAMPO GRANDE,MS,225.4,176,149.6,89.4,88.2,47.4,35.7,45.5,77.6,150.6,163.9,206,1455.3,-54.61666666,-20.45
83552,CORUMBA,MS,155.3,134.3,126.5,65.7,50.3,17.3,23.1,26.9,40.4,86.2,117.5,154.5,998,-57.67166666,-19.0211111
83659,DOURADOS,MS,168.1,130.8,145.5,106,92.1,99,40.2,45,113,153.2,143.2,205.7,1441.8,-54.98333333,-22.23333333
83704,IVINHEMA,MS,205.5,177,121.8,105.9,110.4,65.3,47.5,51,120.3,155.5,165.2,185.2,1510.6,-53.81666666,-22.3
83513,NHUMIRIM (NHECOLANDIA),MS,172.8,142.1,128.9,68.2,55.8,17.2,10.2,17.5,33.8,100.7,135.9,163.1,1046.2,-56.62249999,-18.9886111
83565,PARANAIBA,MS,304.6,185.4,196.7,72,48.6,22.2,14.3,15.5,58.4,105.5,141.6,241.4,1406.2,-51.18333333,-19.75
83702,PONTA PORA,MS,230.5,221.6,123.3,132.7,146,75.2,52.3,52.7,134.9,149.3,208.8,172.3,1699.6,-55.71555555,-22.55222222
83618,TRES LAGOAS,MS,241.3,167.1,147.1,78.4,65.7,34.6,17.7,28.5,64.3,111.4,147,191.3,1294.4,-51.7,-20.78333333
83405,CACERES,MT,252.8,193.7,171.5,89.6,31.9,13.4,16.5,20.8,44.2,96.8,129.2,210.3,1270.7,-57.68333333,-16.05
83270,CANARANA,MT,314.3,358.4,243,128.4,4.8,5.8,5.6,1.2,47.1,158.4,232.9,300.4,1800.3,-52.50416666,-13.47055554
83361,CUIABA,MT,247.5,220.4,217.5,117.8,50.4,19.4,16,22.1,51.3,114,172.9,205.2,1454.5,-56.10833333,-15.61972221
83309,DIAMANTINO,MT,299.5,302.1,271.1,130.8,49.1,14.1,10.4,24.4,73.6,170.2,222.1,263.7,1831.1,-56.45,-14.4
83264,GLEBA CELESTE,MT,310.7,337.2,312,116.2,23.5,2.8,6.5,10.9,54.4,183.5,255.7,326.8,1940.2,-55.29388888,-12.28833333
83214,MATUPA,MT,324.6,308,316.6,164.1,36.1,6.6,4.3,15.4,90.9,179.5,215.4,338.8,2000.3,-54.91666667,-10.25
83367,MERURI,MT,216.8,125.1,130.9,52,19.9,6.1,3.7,24.4,51.8,89.1,159.5,221.3,1100.6,-53.08333333,-15.53333333
83319,NOVA XAV.(XAVANTINA),MT,292.3,218.8,193.8,67.8,3.6,4.3,1.1,3.7,32.7,111.7,221.6,266.3,1417.7,-52.35,-14.69777778
83364,PADRE RICARDO REMETTER,MT,212.9,156.9,171.6,111.5,34.2,7.1,16.9,21.9,37.6,99.8,126,216.2,1212.6,-56.06666666,-15.78333333
83358,POXOREO,MT,288.3,245.6,275.3,109.7,31.2,8.2,6.2,18.1,66.1,152.8,203.7,280,1685.2,-54.38333333,-15.83333333
83410,RONDONOPOLIS,MT,265.2,193.7,146,95.3,36,11.2,NA,6.5,36.7,121,145.1,244.9,NA,-54.56666666,-16.45
83267,SAO JOSE DO RIO CLARO,MT,335.2,252,218.6,90.6,28,13.7,4.1,4.9,53,141.1,199.5,281,1621.7,-56.71666666,-13.43333333
82353,ALTAMIRA,PA,288.5,319.4,414.6,366.9,228.1,120.6,65.7,27.3,43.6,54.3,93.5,171.8,2194.3,-52.21666666,-3.21666666
82191,BELEM,PA,384.5,399.5,450.3,424.3,298.4,185.3,153.8,134.8,128.2,129.2,127.4,268.3,3084,-48.43333333,-1.43333333
82246,BELTERRA,PA,204.3,250.9,321.5,293.3,270.6,132.1,99.3,45.9,27.2,48.8,80.2,111.6,1885.7,-54.95,-2.63333333
82188,BREVES,PA,278.3,318.5,377.5,323.6,253,179.5,111.3,63.1,60.2,69.4,87.7,198.9,2321,-50.48333333,-1.68333333
82263,CAMETA,PA,303.3,370.5,422.2,382.3,331.4,187.9,139.2,88.2,63.4,61.2,76.2,165.7,2591.5,-49.5,-2.25
82861,CONCEICAO DO ARAGUAIA,PA,243.6,244,271.8,194.8,94.7,9,5,8.7,60.7,146.5,216.6,265.3,1760.7,-49.26666667,-8.26666667
82445,ITAITUBA,PA,232.6,293.3,326.6,257.7,194.1,100.9,72.5,53,76.7,99,140.9,180.9,2028.2,-55.98333333,-4.28333333
82562,MARABA,PA,256.3,299.5,377.2,258.5,119.9,28.5,15.9,11.4,47.2,94.3,151.1,239.4,1899.2,-49.13333333,-5.36666666
82181,MONTE ALEGRE,PA,144.9,217.5,293,320,284,153.1,95.6,46.4,25.6,28.5,41.5,104.2,1754.3,-54.1,-2
82178,OBIDOS,PA,261.7,270.6,322.2,278.7,222.6,103.7,75.7,34.1,41.8,54.5,95.1,151.2,1911.9,-55.51666666,-1.91666666
82184,PORTO DE MOZ,PA,224.7,284.5,327.2,384.1,313.1,243.9,154.4,81.1,62.6,54.7,67.2,114.3,2311.8,-52.23333333,-1.73333333
82668,SAO FELIX DO XINGU,PA,280.8,295.1,322.6,242.9,109.6,38.1,10.6,48.9,135.3,172.2,169.3,215.8,2041.2,-51.96666666,-6.63333333
82141,SOURE,PA,456.8,537.6,647.2,561.5,319.3,185.8,138.6,79.3,15.9,14.6,28.5,150.5,3135.6,-48.51666666,-0.73333333
82145,TRACUATEUA,PA,281.5,384.9,480.5,423.3,352.7,209.5,185.9,87.5,16.5,10.7,10.2,67,2510.2,-46.9,-1.06666666
82361,TUCURUI,PA,311.5,413.8,436.7,407.9,249.1,86.9,47.3,31.5,34.8,68.5,113.3,230.9,2432.2,-49.66666666,-3.76666666
82696,AREIA,PB,83,107.4,156.3,151.7,169.2,210.7,182.2,151.2,60.9,21.8,27.5,37.8,1359.7,-35.68333333,-6.96666666
82795,CAMPINA GRANDE,PB,45.6,62.8,107.1,89.3,101.7,123.6,96.7,80.1,30,12.5,12.3,15.3,777,-35.88333333,-7.21666666
82798,JOAO PESSOA,PB,73.9,105.4,193.9,280.4,284,355.2,302.4,156.4,68.6,33.1,27,33.7,1914,-34.86666666,-7.1
82792,MONTEIRO,PB,58.7,83.5,113.3,96,113.8,48.2,36,18.8,7.8,21.6,15.6,38.2,651.5,-37.06666666,-7.88333333
82791,PATOS,PB,115.7,127.5,209.5,127.4,81.6,28.7,9.8,7.8,1.3,7.2,7.1,40.8,764.4,-37.26666666,-7.01666666
82689,SAO GONCALO,PB,163.2,163.5,252.9,181.4,124.4,37.8,21,10.7,2,9.9,12.2,71.2,1050.2,-38.21666666,-6.75
82890,ARCOVERDE,PE,67.9,62.9,111.6,90.6,78.2,90.2,79.7,60.6,19.3,13.6,16,30.6,721.2,-37.05,-8.43333333
82886,CABROBO,PE,97,80.2,146.4,94.1,34.8,NA,11.6,4.9,2.7,12.3,33.6,46.9,NA,-39.31416666,-8.50333333
82893,GARANHUNS,PE,40.1,46.1,92.2,101.4,113.2,161.7,141.1,102.2,50,20.1,17.1,33.1,918.3,-36.51666666,-8.88333333
82753,OURICURI,PE,105.3,104.7,156.5,105.3,37.7,8.2,11.3,4.1,3.2,13.3,29.5,86.7,665.8,-40.05,-7.9
82892,PESQUEIRA,PE,21.7,75.8,98.1,100.2,83.8,59.7,53.8,27.3,10.8,14.3,19.3,26.2,591,-36.76666666,-8.4
82983,PETROLINA,PE,91,90.7,114.1,44,12.6,5.5,4,1.4,2.7,10.6,52,54,482.6,-40.48333333,-9.38333333
82900,RECIFE (CURADO),PE,106.1,132.4,210.6,290.5,311.8,391.1,353.7,217.8,100.2,55.2,38.7,55.3,2263.4,-34.95,-8.05
82797,SURUBIM,PE,33.8,45.9,73.2,73.2,75.6,106.5,82.9,51.6,23.2,8.4,10.2,24.5,609,-35.71666666,-7.83333333
82789,TRIUNFO,PE,135.8,164.4,193.8,193.3,130.1,127.2,107.8,65.6,20.9,25.3,25.3,54.9,1244.4,-38.11666666,-7.81666666
82975,BOM JESUS DO PIAUI,PI,159.3,149.8,172.9,112.3,29.2,1.6,0,1.5,19.2,71.1,114.5,155.3,986.7,-44.31666666,-9.14249999
82474,CALDEIRAO,PI,199.4,241.8,315.4,307.4,146.4,39.7,16.9,10.2,6.2,23.4,22.5,73.6,1402.9,-41.8,-4.28333333
82976,CARACOL,PI,131.5,121.3,126.5,79.1,18,1.1,0.6,0,5,36.5,86.9,107.1,713.6,-43.33333333,-9.28333333
82298,ESPERANTINA,PI,169.2,222.7,310.6,312,192.4,68.6,27.2,13.2,10,15.9,31.7,78.8,1452.3,-42.25,-3.9
82678,FLORIANO,PI,173.9,150.4,180,135.1,62,7,0.7,0.9,8,48.4,73,120.2,959.6,-43.01666666,-6.76666666
82296,LUZILANDIA(LAG.DO PIAUI),PI,186.6,200.9,289.3,297.4,172.9,86.8,39.3,11.5,8.4,12.8,14.7,66.4,1387,-42.28333333,-3.41666666
82684,MORRO DOS CAVALOS,PI,155.6,133.1,171.9,85.2,35.2,4.6,0.4,0,3.2,21.9,71.7,92.5,775.3,-41.9,-7.85
82287,PARNAIBA,PI,121.8,180.7,259.2,269.2,173.7,50.1,40.9,4.3,1.1,0.9,3.7,27.5,1133.1,-41.76666666,-3.08333333
82882,PAULISTANA,PI,129.3,113.2,165.1,49.7,22.4,3.8,1.3,0.3,3.5,21.8,55.8,69,635.2,-41.13333333,-8.13333333
82780,PICOS,PI,146.1,144.3,176.2,137.8,38.1,6.3,2.2,0.2,3.4,19.2,33.8,87.8,795.4,-41.48333333,-7.03333333
82480,PIRIPIRI,PI,203.8,237.6,329,311.1,160.3,42.6,12.6,9.8,5.6,21.6,24.9,64.5,1423.4,-41.78333333,-4.26666666
82879,SAO JOAO DO PIAUI,PI,145.3,111.1,143.4,82.7,27.4,5.5,0.8,0.1,3.2,24.6,74.2,91.4,709.7,-42.25,-8.35
82578,TERESINA,PI,196.8,239.1,286.9,265.7,120.6,14.7,10.6,12.1,13,19.5,45.9,100.1,1325,-42.81666666,-5.08333333
82870,VALE DO GURGUEIA (CRISTIANO CASTRO),PI,150.5,147.4,158.4,115.1,42.8,6.2,0.1,2.6,9.2,69.8,94.9,128.9,925.9,-43.71666666,-8.41666666
83783,CAMPO MOURAO,PR,213.2,159.6,133.7,123.4,142.3,97,75.8,69.4,142.7,165.8,143.2,171,1637.1,-52.36666666,-24.05
83813,CASTRO,PR,196.8,150.3,136.1,90.7,125.3,86.2,92.1,68.1,132.2,148.8,123.2,135.6,1485.4,-50,-24.78333333
83842,CURITIBA,PR,218.3,166.2,147,95.7,113.5,94.1,108.3,74,141.4,138.7,124.4,154.2,1575.8,-49.26666666,-25.43333333
83775,GUAIRA,PR,168.9,134.9,135.2,167.7,202.4,106.2,81.9,76.3,124.8,165.4,135.1,166,1664.8,-54.25,-24.08333333
83836,IRATI,PR,196.6,132.5,121.1,118.9,127.2,119.5,116.9,75.3,155.1,172,137.7,141.4,1614.2,-50.63333333,-25.46666666
83811,IVAI,PR,202,128.7,133.1,114.1,154.8,96.5,118.3,85.8,152.1,176.3,126.6,151.3,1639.6,-50.85,-25
83769,JACAREZINHO,PR,217.5,183.9,136.6,108.1,116.1,70.4,38.8,39.7,99.2,113.4,152,186.7,1462.4,-49.96666666,-23.15
83766,LONDRINA,PR,243.2,179.8,134.9,94.3,109.7,86.4,66.1,54.3,102.6,139.7,150.9,221.1,1583,-51.13333333,-23.31666666
83767,MARINGA,PR,218.6,197.6,139.5,120.2,128.5,90.4,61.7,56.5,139.8,153.5,156.3,180.3,1642.9,-51.91666666,-23.4
83844,PARANAGUA,PR,363.3,304.6,270.7,164.9,121.2,99.8,112.2,82.5,162.8,171,196.7,234.6,2284.3,-48.51666666,-25.53333333
83007,ALTO DA BOA VISTA,RJ,209.1,174.8,215.7,203.3,188.5,132.7,182.3,141.9,223,203.7,217,273.8,2365.8,-43.27944443,-22.96583333
83788,ANGRA DOS REIS,RJ,235.6,188.5,206,166.9,114,71.5,90.1,54,120.9,141.6,148.9,258,1796,-44.32944443,-23.01583333
83049,AVELAR (P.DO ALFERES),RJ,238.9,134,136.2,55.9,41.3,14.3,17.4,16.1,52.8,92.5,176.9,216.2,1192.5,-43.41666666,-22.35
83790,BANGU,RJ,204.9,148.7,155.7,108.7,74.8,56.4,43.5,38.8,81.2,80.9,105,152.4,1251,-43.45,-22.86666666
83698,CAMPOS,RJ,133.7,61.2,102.8,84.7,43.9,27.9,29.5,23.4,70.6,98.1,162.9,168.8,1007.5,-41.33277778,-21.7425
83807,CARMO,RJ,237.3,134.7,147.9,74.6,45.1,18,18.3,18.7,63.4,105.1,179.7,286.8,1329.6,-42.60611111,-21.93583333
83718,CORDEIRO,RJ,254.5,135.4,157.9,65.5,33.7,22.5,21.5,17.1,64.6,106,219.3,266.9,1364.9,-42.36444444,-22.02222221
83741,ECOLOGIA AGRICOLA,RJ,197.8,146.6,157.2,76.3,63.8,38.6,37.7,28.9,87,97.8,149.4,178.6,1259.7,-43.68333333,-22.8
83114,IGUABA GRANDE,RJ,112.2,57.8,102.9,70,69.7,38,63.7,32.5,62,63.4,99.9,117.3,889.4,-42.18333333,-22.83333333
83695,ITAPERUNA,RJ,201.3,110.8,127.4,77.9,35.6,21,15.1,21.1,63.6,98.3,190.3,251,1213.4,-41.9,-21.2
83089,MARICA,RJ,147.4,103.4,134.2,80.5,105.7,78.9,83.8,66.7,88.5,105.9,136.3,146.2,1277.5,-42.82999999,-22.92055554
83801,REALENGO,RJ,169.4,113.4,137.8,92.4,52.8,32.8,43.7,26.6,48.1,82.2,111.7,163.9,1074.8,-43.44138888,-22.87083332
83738,RESENDE,RJ,292.9,216.9,232.5,85.9,47.6,22.9,28.7,20.9,70.7,125.4,213,260.8,1618.2,-44.44444444,-22.45111111
83048,RIO BONITO,RJ,205.6,164,194.4,123,82.7,40.9,68.4,55.1,89.2,113.6,225.4,210.3,1572.6,-42.64666666,-22.7125
83789,SANTA CRUZ,RJ,143.8,100.1,110.6,101.3,67.7,48,52.2,36.7,71.4,76.7,92.8,138.9,1040.2,-43.68694444,-22.92222221
83696,SANTA MARIA MADALENA,RJ,245.6,134.7,165.9,87.6,60,43.4,45.9,42.6,93.1,113.6,195,262.9,1490.3,-42.01111111,-21.96
83052,SANTA MONICA (VALENCA),RJ,247.9,154.2,138.1,59.2,49.1,20.9,21.7,17.1,61.2,97.9,156.3,207.8,1231.4,-43.7,-22.35
83805,SANTO ANTONIO DE PADUA,RJ,222.8,113.2,118.4,65.9,26.6,18.2,18.2,25,65.8,109.4,187.7,267.6,1238.8,-42.16083333,-21.53722222
82590,APODI,RN,99.3,117,172.3,212.7,102.6,49.4,31.2,22.2,2.1,0.9,3.2,16.7,829.6,-37.81666666,-5.61666666
82596,CEARA MIRIM,RN,89.2,88.9,185.5,200.5,182.2,229.3,169.6,83.9,32.5,13.7,19.5,19.8,1314.6,-35.65,-5.65
82693,CRUZETA,RN,83.2,98.7,149.6,154.8,71.6,38.1,16.6,11.6,3.9,4.2,5.4,29.6,667.3,-36.58333333,-6.43333333
82691,FLORANIA,RN,82.6,102.6,171.5,169.8,81.7,38.7,21.8,9.3,1.7,5,4.6,24.1,713.4,-36.81666666,-6.11666666
82594,MACAU,RN,44.6,58.6,126.5,135.9,73.2,34.6,22.9,10.4,2.2,0.9,2.2,6.4,518.4,-36.76666666,-5.11666666
82591,MOSSORO,RN,95.5,98.5,221.3,202.4,101.1,52.7,36.5,7.2,1.8,2.4,1.7,14.3,835.4,-37.3,-5.2
82598,"NATAL",RN,61.1,94.4,203.3,272.2,236.2,353.6,242.2,134.7,47.7,22.1,28.4,25.5,1721.4,-35.2,-5.91666666
82690,SERIDO (CAICO),RN,96.9,91.3,144.6,147.5,73.3,23.6,11.6,8.1,0.7,9.2,2.7,20,629.5,-37.08333333,-6.46666666
82024,BOA VISTA,RR,37,30,35.7,142.2,321,353.2,286.4,205.2,103.9,73.1,60.1,63.8,1711.6,-60.65,2.81666666
82042,CARACARAI,RR,64.9,50.9,93.4,196.1,321.1,336.1,296.1,216.7,150.7,100.8,89.6,84.7,2001.1,-61.13333333,1.83333333
83980,BAGE,RS,125,130.7,102.6,161.3,150.8,131.7,132.3,106.3,111.1,129.7,118.9,113.2,1513.6,-54.1,-31.33333333
83941,BENTO GONCALVES,RS,162.1,151.7,117.8,124.3,130.3,144.4,188.5,148.9,161.3,185.6,138.4,128.6,1781.9,-51.51666666,-29.15
83919,BOM JESUS,RS,168.7,167.1,107.7,112.2,111.9,123.8,171.9,132.1,156.7,165.1,139.9,147.8,1704.9,-50.43333333,-28.66666666
83946,CAMBARA DO SUL,RS,166.2,192.4,168.2,113.8,141.2,108.7,153.7,147.4,192.4,159.4,155.2,124.8,1823.4,-50.13333333,-29.05
83961,CAMPO BOM,RS,139.5,130.7,113.7,121.5,110.7,132.6,149.4,131.9,168,154.2,115.5,114.5,1582.2,-51.05,-29.68333333
83942,CAXIAS DO SUL,RS,158.5,154.9,111.3,120.4,140.9,156,189.4,145.1,163.1,178.7,143.9,140.5,1802.7,-51.18638888,-29.19638888
83912,CRUZ ALTA,RS,146.8,143,119.7,158.9,156.8,152.4,164.6,130.6,160.4,248.1,163.7,153.4,1898.4,-53.6,-28.63333333
83964,ENCRUZILHADA DO SUL,RS,145,131.7,98.1,134.2,143.8,152.6,172.8,121.8,158.8,156.5,127,126.3,1668.6,-52.51666666,-30.53333333
83932,IBIRUBA,RS,152.8,162.4,112.1,155.8,116.7,127.6,166.1,144.6,166.7,219.3,153.6,132.4,1810.1,-53.11666666,-28.65
83881,IRAI,RS,162.2,187.3,120.1,157.6,163.2,159.1,144.5,129.6,175.5,240.7,152,160.2,1952,-53.23333333,-27.18333333
83916,LAGOA VERMELHA,RS,133.7,130.9,118.1,119.2,133.7,133.1,130.8,128.5,191.4,198.2,156.5,114,1688.1,-51.5,-28.21666666
83914,PASSO FUNDO,RS,159.7,140.9,121.5,138.9,159.4,148,180.9,137.9,174.3,225,158.8,162.2,1907.5,-52.4,-28.21666666
83985,PELOTAS,RS,109.8,187.8,107.6,106.6,129.1,114.8,99.6,126.5,122.9,87.1,102.3,108.6,1402.7,-52.41666666,-31.78333333
83967,PORTO ALEGRE,RS,110.1,106.5,92.2,107.3,118.8,141.3,141.3,117.4,141.5,138.3,110.9,99.6,1425.2,-51.21666666,-30.01666666
83995,RIO GRANDE,RS,98.9,128.6,90.9,118.4,114.6,114,125.7,122.1,113.6,98.1,95.5,86.2,1306.6,-52.16749999,-32.0786111
83936,SANTA MARIA,RS,166.3,139.6,127.7,170.1,154.4,149.1,159,111.2,158.5,173.3,132.7,154.3,1796.2,-53.7,-29.7
83997,SANTA VITORIA DO PALMAR,RS,83.2,153.6,121.1,120.9,124.8,114.6,114.7,103.4,88.5,78.7,79.2,85.2,1267.9,-53.35,-33.51666666
83953,SANTANA DO LIVRAMENTO,RS,94.2,170.9,122.5,138.8,144.3,115.1,108.4,98.9,144.4,129.6,123.9,127.3,1518.3,-55.6,-30.83333333
83907,SAO LUIZ GONZAGA,RS,143.5,164.6,139.8,201.5,165.8,139.6,130.8,102.1,152.5,249.9,161.6,161.2,1912.9,-55.01666666,-28.4
83972,TEUTONIA,RS,143.9,133.2,126.8,102.9,135.5,109.7,152.9,138.2,182.5,197,145.8,125.2,1693.6,-51.8,-29.45
83948,TORRES,RS,156.3,164,142.9,102.9,116.5,102.8,111.9,134.8,132.4,127.9,119.4,95.3,1507.1,-49.73305554,-29.35027777
83954,TRIUNFO,RS,114.1,112.7,103.1,104.6,109.1,145.5,147.7,125.8,154.9,152.2,120.3,117.3,1507.3,-51.38333333,-29.86666666
83927,URUGUAIANA,RS,116.5,156.7,158,150.8,123.9,88.9,63.6,47.8,85.5,164.7,124.3,126.8,1407.5,-57.08333333,-29.75
83887,CAMPOS NOVOS,SC,208.6,175.4,137.4,167,172.5,139.4,201,133.9,195.7,242.9,155.4,164.4,2093.6,-51.20083333,-27.384166660000002
83883,CHAPECO,SC,177.6,210.1,131.9,172.1,174.1,159.1,191.4,141.9,194.2,246.9,157.2,168.1,2124.6,-52.63555555,-27.08527777
83897,FLORIANOPOLIS,SC,250.6,201.6,179.7,123.5,132.5,75.7,118,74,141,148.9,150.6,172.5,1768.6,-48.62027777,-27.6025
83872,INDAIAL,SC,243.3,179.2,126.6,109.1,105.8,106.3,125.4,90.6,161.3,167.4,156.4,165.6,1737,-49.21666666,-26.9
83891,LAGES,SC,163,158,120,111.8,126,111.4,181.5,117.5,157.3,191.4,136,133.7,1707.6,-50.33555555,-27.80222222
83920,SAO JOAQUIM,SC,185.7,182.6,126.1,106.7,144,127.2,199.8,143.2,186.1,182.5,166.5,137.1,1887.5,-49.93499999,-28.27583332
83923,URUSSANGA,SC,191.8,179.3,188.9,108.8,157.6,66.7,120.6,110,122.4,129.5,150.5,157.7,1683.8,-49.31666666,-28.51666666
83096,ARACAJU,SE,51.9,71.7,87.6,174.2,241.8,207.2,157.6,107.5,64.9,60.7,47.1,28,1300.2,-37.05,-10.95
83195,ITABAIANINHA,SE,62.7,63.7,87.5,111.4,156.4,173.6,137.3,102.8,75.5,52.8,46.3,35.5,1105.5,-37.79472221,-11.27249999
83097,PROPRIA,SE,52.1,30,60,110.8,165.5,170.2,142.8,91.9,55.8,36.1,24.5,23.3,963,-36.84194444,-10.21361111
83621,ANDRADINA,SP,233.6,183.9,147.7,93.9,69.6,27.5,18,42.2,72.1,116.6,125.2,197.1,1327.4,-51.38333333,-20.91666666
83773,AVARE,SP,287.5,182.6,159.5,105.6,94.4,62.5,56.9,48.4,96.5,143.1,131.3,210.5,1578.8,-48.91138888,-23.08333333
83714,CAMPOS DO JORDAO,SP,253.1,206,196.7,85.5,82.5,38,45.9,38.3,85.8,133,160.6,240,1565.4,-45.6,-22.75
83676,CATANDUVA,SP,274.6,209.9,158.7,61.7,66.2,25.4,24.1,25.4,53,96.8,111.8,208.4,1316,-48.93333333,-21.11666666
83630,FRANCA,SP,323.2,243.8,207.5,77.7,57.5,17.9,18.4,21.6,67.2,161.4,189,287.4,1672.6,-47.36666666,-20.58333333
83075,GUARULHOS,SP,269.1,224.9,203.9,86.6,79,41.7,48.5,32.1,88.9,122.5,134.8,226.8,1558.8,-46.46666666,-23.43333333
83821,IGUAPE,SP,254.2,196.3,254.2,168.5,144.7,108.3,114.5,79.7,143.3,139.2,146.4,204.2,1953.5,-47.55,-24.71666666
83774,ITAPEVA,SP,147,131.5,121.7,84.5,128.8,75.1,NA,40.9,94.1,116,109.6,NA,NA,-48.88333333,-23.95
83678,JABOTICABAL,SP,262.1,210.1,176.3,79.8,57.8,28.8,16.8,29.2,58.1,133.8,160.7,230.8,1444.3,-48.3,-21.25
83716,PRESIDENTE PRUDENTE,SP,232.5,172.2,138.3,73,82.6,48.3,39.7,42.7,84.2,121,129.6,175.6,1339.7,-51.38333333,-22.11666666
83782,SANTOS,SP,206.7,203.2,257.3,180.3,123.2,123.1,102.4,73.6,145.1,137.5,110.4,181.1,1843.9,-46.33333333,-23.93333333
83726,SAO CARLOS,SP,303.8,221.1,186.7,85.4,66.8,32.1,30.6,34.4,67.1,120.6,155.1,254.6,1558.3,-47.86666666,-21.96666666
83781,SAO PAULO(MIR.de SANTANA),SP,288.2,246.2,214.5,82.1,78.1,50.3,47.8,36,84.8,126.6,137,224.4,1616,-46.61972221,-23.4961111
83669,SAO SIMAO,SP,271.6,204.3,156.7,66.3,63.3,24.1,20,25.6,68.6,129.1,165.2,255.7,1450.5,-47.55,-21.48333333
83851,SOROCABA,SP,284.2,155.5,142.9,64.7,82.5,54.5,55.7,31.9,67.9,100.6,131.5,183.7,1355.6,-47.43333333,-23.48333333
83784,TAUBATE,SP,238.1,197.3,163.6,78.6,55.8,26.7,37.9,26.4,79.6,118.2,160.7,178,1360.9,-45.55,-23.03333333
83786,UBATUBA,SP,312.9,290.5,311.1,232.5,122.9,94.2,92.6,74.4,196.9,245.5,263.6,280.4,2517.5,-45.06666666,-23.45
83623,VOTUPORANGA,SP,291.3,200.8,152.1,84.1,56.4,21.8,16.4,18.1,60.2,103.8,138.8,200.8,1344.6,-49.98333333,-20.41666666
82659,ARAGUAINA,TO,250.1,268.6,294.6,237.8,98.2,20,8.2,14.3,62.5,139.7,192.1,232.9,1819,-48.2,-7.2
83033,PALMAS,TO,285.4,274.3,292.8,175.4,69.7,6.9,1.2,1.9,55.7,161.1,243.6,263.6,1831.6,-48.30166666,-10.19083333
82863,PEDRO AFONSO,TO,277.5,219.7,275.8,172.6,53.6,4.3,3.6,8.8,44.8,147.8,216.4,247.8,1672.7,-48.18333333,-8.96666667
83228,PEIXE,TO,286.3,203.1,249.7,132,22.2,4.7,0.8,1.7,33.2,108.4,191,275.3,1508.4,-48.35,-12.01666667
83064,PORTO NACIONAL,TO,255.7,237.9,269.3,166.3,47.7,3.1,1,5.2,50.3,141.6,186.9,257.7,1622.7,-48.41666667,-10.71666667
83235,TAGUATINGA,TO,286.6,208.5,277.7,138.3,34.5,2.9,1,2.1,21.1,123.8,223.8,291.2,1611.5,-46.41666666,-12.4
